New York , New York 
Los Angeles , California 
Chicago , Illinois 
Houston , Texas 
Phoenix , Arizona 
Philadelphia , Pennsylvania 
San Antonio , Texas 
San Diego , California 
Dallas , Texas 
San Jose , California 
Austin , Texas 
Jacksonville , Florida 
Fort Worth , Texas 
Columbus , Ohio 
San Francisco , California 
Charlotte , North Carolina 
Indianapolis , Indiana 
Seattle , Washington 
Denver , Colorado 
Boston , Massachusetts 
El Paso , Texas 
Detroit , Michigan 
Nashville , Tennessee 
Portland , Oregon 
Memphis , Tennessee 
Oklahoma City , Oklahoma 
Las Vegas , Nevada 
Louisville , Kentucky 
Baltimore , Maryland 
Milwaukee , Wisconsin 
Albuquerque , New Mexico 
Tucson , Arizona 
Fresno , California 
Mesa , Arizona 
Sacramento , California 
Atlanta , Georgia 
Kansas City , Missouri 
Colorado Springs , Colorado 
Miami , Florida 
Raleigh , North Carolina 
Omaha , Nebraska 
Long Beach , California 
Virginia Beach , Virginia 
Oakland , California 
Minneapolis , Minnesota 
Tulsa , Oklahoma 
Arlington , Texas 
Tampa , Florida 
New Orleans , Louisiana 
Wichita , Kansas 
Cleveland , Ohio 
Bakersfield , California 
Aurora , Colorado 
Anaheim , California 
Honolulu , Hawaii 
Santa Ana , California 
Riverside , California 
Corpus Christi , Texas 
Lexington , Kentucky 
Stockton , California 
Henderson , Nevada 
Saint Paul , Minnesota 
St. Louis , Missouri 
Cincinnati , Ohio 
Pittsburgh , Pennsylvania 
Greensboro , North Carolina 
Anchorage , Alaska 
Plano , Texas 
Lincoln , Nebraska 
Orlando , Florida 
Irvine , California 
Newark , New Jersey 
Toledo , Ohio 
Durham , North Carolina 
Chula Vista , California 
Fort Wayne , Indiana 
Jersey City , New Jersey 
St. Petersburg , Florida 
Laredo , Texas 
Madison , Wisconsin 
Chandler , Arizona 
Buffalo , New York 
Lubbock , Texas 
Scottsdale , Arizona 
Reno , Nevada 
Glendale , Arizona 
Gilbert , Arizona 
Winstonâ€“Salem , North Carolina 
North Las Vegas , Nevada 
Norfolk , Virginia 
Chesapeake , Virginia 
Garland , Texas 
Irving , Texas 
Hialeah , Florida 
Fremont , California 
Boise , Idaho 
Richmond , Virginia 
Baton Rouge , Louisiana 
Spokane , Washington 
Des Moines , Iowa 
Tacoma , Washington 
San Bernardino , California 
Modesto , California 
Fontana , California 
Santa Clarita , California 
Birmingham , Alabama 
Oxnard , California 
Fayetteville , North Carolina 
Moreno Valley , California 
Rochester , New York 
Glendale , California 
Huntington Beach , California 
Salt Lake City , Utah 
Grand Rapids , Michigan 
Amarillo , Texas 
Yonkers , New York 
Aurora , Illinois 
Montgomery , Alabama 
Akron , Ohio 
Little Rock , Arkansas 
Huntsville , Alabama 
Augusta , Georgia 
Port St. Lucie , Florida 
Grand Prairie , Texas 
Columbus , Georgia 
Tallahassee , Florida 
Overland Park , Kansas 
Tempe , Arizona 
McKinney , Texas 
Mobile , Alabama 
Cape Coral , Florida 
Shreveport , Louisiana 
Frisco , Texas 
Knoxville , Tennessee 
Worcester , Massachusetts 
Brownsville , Texas 
Vancouver , Washington 
Fort Lauderdale , Florida 
Sioux Falls , South Dakota 
Ontario , California 
Chattanooga , Tennessee 
Providence , Rhode Island 
Newport News , Virginia 
Rancho Cucamonga , California 
Santa Rosa , California 
Oceanside , California 
Salem , Oregon 
Elk Grove , California 
Garden Grove , California 
Pembroke Pines , Florida 
Peoria , Arizona 
Eugene , Oregon 
Corona , California 
Cary , North Carolina 
Springfield , Missouri 
Fort Collins , Colorado 
Jackson , Mississippi 
Alexandria , Virginia 
Hayward , California 
Lancaster , California 
Lakewood , Colorado 
Clarksville , Tennessee 
Palmdale , California 
Salinas , California 
Springfield , Massachusetts 
Hollywood , Florida 
Pasadena , Texas 
Sunnyvale , California 
Macon , Georgia 
Kansas City , Kansas 
Pomona , California 
Escondido , California 
Killeen , Texas 
Naperville , Illinois 
Joliet , Illinois 
Bellevue , Washington 
Rockford , Illinois 
Savannah , Georgia 
Paterson , New Jersey 
Torrance , California 
Bridgeport , Connecticut 
McAllen , Texas 
Mesquite , Texas 
Syracuse , New York 
Midland , Texas 
Pasadena , California 
Murfreesboro , Tennessee 
Miramar , Florida 
Dayton , Ohio 
Fullerton , California 
Olathe , Kansas 
Orange , California 
Thornton , Colorado 
Roseville , California 
Denton , Texas 
Waco , Texas 
Surprise , Arizona 
Carrollton , Texas 
West Valley City , Utah 
Charleston , South Carolina 
Warren , Michigan 
Hampton , Virginia 
Gainesville , Florida 
Visalia , California 
Coral Springs , Florida 
Columbia , South Carolina 
Cedar Rapids , Iowa 
Sterling Heights , Michigan 
New Haven , Connecticut 
Stamford , Connecticut 
Concord , California 
Kent , Washington 
Santa Clara , California 
Elizabeth , New Jersey 
Round Rock , Texas 
Thousand Oaks , California 
Lafayette , Louisiana 
Athens , Georgia 
Topeka , Kansas 
Simi Valley , California 
Fargo ,  North Dakota 
Norman , Oklahoma 
Columbia , Missouri 
Abilene , Texas 
Wilmington , North Carolina 
Hartford , Connecticut 
Victorville , California 
Pearland , Texas 
Vallejo , California 
Ann Arbor , Michigan 
Berkeley , California 
Allentown , Pennsylvania 
Richardson , Texas 
Odessa , Texas 
Arvada , Colorado 
Cambridge , Massachusetts 
Sugar Land , Texas 
Beaumont , Texas 
Lansing , Michigan 
Evansville , Indiana 
Rochester , Minnesota 
Independence , Missouri 
Fairfield , California 
Provo , Utah 
Clearwater , Florida 
College Station , Texas 
West Jordan , Utah 
Carlsbad , California 
El Monte , California 
Murrieta , California 
Temecula , California 
Springfield , Illinois 
Palm Bay , Florida 
Costa Mesa , California 
Westminster , Colorado 
North Charleston , South Carolina 
Miami Gardens , Florida 
Manchester , New Hampshire 
High Point , North Carolina 
Downey , California 
Clovis , California 
Pompano Beach , Florida 
Pueblo , Colorado 
Elgin , Illinois 
Lowell , Massachusetts 
Antioch , California 
West Palm Beach , Florida 
Peoria , Illinois 
Everett , Washington 
Ventura , California 
Centennial , Colorado 
Lakeland , Florida 
Gresham , Oregon 
Richmond , California 
Billings , Montana 
Inglewood , California 
Broken Arrow , Oklahoma 
Sandy Springs , Georgia 
Jurupa Valley , California 
Hillsboro , Oregon 
Waterbury , Connecticut 
Santa Maria , California 
Boulder , Colorado 
Greeley , Colorado 
Daly City , California 
Meridian , Idaho 
Lewisville , Texas 
Davie , Florida 
West Covina , California 
League City , Texas 
Tyler , Texas 
Norwalk , California 
San Mateo , California 
Green Bay , Wisconsin 
Wichita Falls , Texas 
Sparks , Nevada 
Lakewood , New Jersey 
Burbank , California 
Rialto , California 
Allen , Texas 
El Cajon , California 
Las Cruces , New Mexico 
Renton , Washington 
Davenport , Iowa 
South Bend , Indiana 
Vista , California 
Tuscaloosa , Alabama 
Clinton , Michigan 
Edison , New Jersey 
Woodbridge , New Jersey 
San Angelo , Texas 
Kenosha , Wisconsin 
Vacaville , California 
Woodbridge, New Jersey 
San Angelo , Texas 
Kenosha , Wisconsin 
Vacaville , California 
